entity,label,frequency,source_count,source_urls
Porsche,ORG,40,5,https://fortune.com/europe/2024/09/30/volkswagen-second-profit-warning/ | https://newsroom.porsche.com/en/2025/company/porsche-realignment-product-strategy-40594.html | https://newsroom.porsche.com/en/2025/company/porsche-second-quarter-half-year-2025-financial-figures-40184.html | https://www.motor1.com/features/774899/bmw-toyota-right-engine-strategy/ | https://www.motor1.com/news/760050/porsche-faces-trouble-evs-suvs/
Stellantis,ORG,22,3,https://eu.detroitnews.com/story/business/autos/chrysler/2026/02/05/excuses-are-over-stellantis-tells-dealers-sales-must-grow-this-year/88513866007/ | https://fortune.com/europe/2024/09/30/volkswagen-second-profit-warning/ | https://www.motortrend.com/news/stellantis-26-billion-loss-future-plans
VW,ORG,21,3,https://fortune.com/europe/2024/09/30/volkswagen-second-profit-warning/ | https://www.motortrend.com/news/volkswagen-2024-financial-results-us-regroup-plan | https://www.theguardian.com/business/article/2024/sep/04/volkswagen-has-a-year-maybe-two-to-turn-around-financial-chief-warns
China,GPE,19,7,https://fortune.com/europe/2024/09/30/volkswagen-second-profit-warning/ | https://newsroom.porsche.com/en/2025/company/porsche-second-quarter-half-year-2025-financial-figures-40184.html | https://www.motor1.com/features/774899/bmw-toyota-right-engine-strategy/ | https://www.motor1.com/news/760050/porsche-faces-trouble-evs-suvs/ | https://www.motortrend.com/news/volkswagen-2024-financial-results-us-regroup-plan | https://www.theguardian.com/business/article/2024/sep/04/volkswagen-has-a-year-maybe-two-to-turn-around-financial-chief-warns | https://www.thetruthaboutcars.com/cars/news-blog/jaguar-sales-drop-by-97-percent-in-europe-which-is-allegedly-fine-45129343
Volkswagen,ORG,19,3,https://fortune.com/europe/2024/09/30/volkswagen-second-profit-warning/ | https://www.motortrend.com/news/volkswagen-2024-financial-results-us-regroup-plan | https://www.theguardian.com/business/article/2024/sep/04/volkswagen-has-a-year-maybe-two-to-turn-around-financial-chief-warns
BMW,ORG,18,2,https://www.motor1.com/features/774899/bmw-toyota-right-engine-strategy/ | https://www.thetruthaboutcars.com/cars/news-blog/jaguar-sales-drop-by-97-percent-in-europe-which-is-allegedly-fine-45129343
Jaguar,ORG,18,1,https://www.thetruthaboutcars.com/cars/news-blog/jaguar-sales-drop-by-97-percent-in-europe-which-is-allegedly-fine-45129343
2026,DATE,15,5,https://eu.detroitnews.com/story/business/autos/chrysler/2026/02/05/excuses-are-over-stellantis-tells-dealers-sales-must-grow-this-year/88513866007/ | https://newsroom.porsche.com/en/2025/company/porsche-second-quarter-half-year-2025-financial-figures-40184.html | https://www.motor1.com/features/774899/bmw-toyota-right-engine-strategy/ | https://www.motor1.com/news/760050/porsche-faces-trouble-evs-suvs/ | https://www.motortrend.com/news/stellantis-26-billion-loss-future-plans
Toyota,ORG,15,3,https://www.motor1.com/features/774899/bmw-toyota-right-engine-strategy/ | https://www.motor1.com/news/760050/porsche-faces-trouble-evs-suvs/ | https://www.theguardian.com/business/article/2024/sep/04/volkswagen-has-a-year-maybe-two-to-turn-around-financial-chief-warns
2025,DATE,14,6,https://eu.detroitnews.com/story/business/autos/chrysler/2026/02/05/excuses-are-over-stellantis-tells-dealers-sales-must-grow-this-year/88513866007/ | https://newsroom.porsche.com/en/2025/company/porsche-second-quarter-half-year-2025-financial-figures-40184.html | https://www.motor1.com/features/774899/bmw-toyota-right-engine-strategy/ | https://www.motor1.com/news/760050/porsche-faces-trouble-evs-suvs/ | https://www.motortrend.com/news/stellantis-26-billion-loss-future-plans | https://www.motortrend.com/news/volkswagen-2024-financial-results-us-regroup-plan
2024,DATE,14,4,https://eu.detroitnews.com/story/business/autos/chrysler/2026/02/05/excuses-are-over-stellantis-tells-dealers-sales-must-grow-this-year/88513866007/ | https://www.motor1.com/features/774899/bmw-toyota-right-engine-strategy/ | https://www.motortrend.com/news/volkswagen-2024-financial-results-us-regroup-plan | https://www.thetruthaboutcars.com/cars/news-blog/jaguar-sales-drop-by-97-percent-in-europe-which-is-allegedly-fine-45129343
U.S.,GPE,11,3,https://eu.detroitnews.com/story/business/autos/chrysler/2026/02/05/excuses-are-over-stellantis-tells-dealers-sales-must-grow-this-year/88513866007/ | https://www.motortrend.com/news/stellantis-26-billion-loss-future-plans | https://www.motortrend.com/news/volkswagen-2024-financial-results-us-regroup-plan
Germany,GPE,11,4,https://fortune.com/europe/2024/09/30/volkswagen-second-profit-warning/ | https://www.motor1.com/news/760050/porsche-faces-trouble-evs-suvs/ | https://www.motortrend.com/news/volkswagen-2024-financial-results-us-regroup-plan | https://www.theguardian.com/business/article/2024/sep/04/volkswagen-has-a-year-maybe-two-to-turn-around-financial-chief-warns
Year,DATE,9,6,https://eu.detroitnews.com/story/business/autos/chrysler/2026/02/05/excuses-are-over-stellantis-tells-dealers-sales-must-grow-this-year/88513866007/ | https://fortune.com/europe/2024/09/30/volkswagen-second-profit-warning/ | https://www.motor1.com/features/774899/bmw-toyota-right-engine-strategy/ | https://www.motortrend.com/news/stellantis-26-billion-loss-future-plans | https://www.theguardian.com/business/article/2024/sep/04/volkswagen-has-a-year-maybe-two-to-turn-around-financial-chief-warns | https://www.thetruthaboutcars.com/cars/news-blog/jaguar-sales-drop-by-97-percent-in-europe-which-is-allegedly-fine-45129343
Ram,ORG,9,2,https://eu.detroitnews.com/story/business/autos/chrysler/2026/02/05/excuses-are-over-stellantis-tells-dealers-sales-must-grow-this-year/88513866007/ | https://www.motortrend.com/news/stellantis-26-billion-loss-future-plans
Jeep,ORG,8,2,https://eu.detroitnews.com/story/business/autos/chrysler/2026/02/05/excuses-are-over-stellantis-tells-dealers-sales-must-grow-this-year/88513866007/ | https://www.motortrend.com/news/stellantis-26-billion-loss-future-plans
Oliver Blume,PERSON,8,6,https://fortune.com/europe/2024/09/30/volkswagen-second-profit-warning/ | https://newsroom.porsche.com/en/2025/company/porsche-realignment-product-strategy-40594.html | https://newsroom.porsche.com/en/2025/company/porsche-second-quarter-half-year-2025-financial-figures-40184.html | https://www.motor1.com/news/760050/porsche-faces-trouble-evs-suvs/ | https://www.motortrend.com/news/volkswagen-2024-financial-results-us-regroup-plan | https://www.theguardian.com/business/article/2024/sep/04/volkswagen-has-a-year-maybe-two-to-turn-around-financial-chief-warns
This Year,DATE,8,4,https://eu.detroitnews.com/story/business/autos/chrysler/2026/02/05/excuses-are-over-stellantis-tells-dealers-sales-must-grow-this-year/88513866007/ | https://fortune.com/europe/2024/09/30/volkswagen-second-profit-warning/ | https://www.motortrend.com/news/stellantis-26-billion-loss-future-plans | https://www.motortrend.com/news/volkswagen-2024-financial-results-us-regroup-plan
US,GPE,8,4,https://newsroom.porsche.com/en/2025/company/porsche-realignment-product-strategy-40594.html | https://newsroom.porsche.com/en/2025/company/porsche-second-quarter-half-year-2025-financial-figures-40184.html | https://www.motor1.com/news/760050/porsche-faces-trouble-evs-suvs/ | https://www.thetruthaboutcars.com/cars/news-blog/jaguar-sales-drop-by-97-percent-in-europe-which-is-allegedly-fine-45129343
2023,DATE,7,3,https://fortune.com/europe/2024/09/30/volkswagen-second-profit-warning/ | https://www.motortrend.com/news/volkswagen-2024-financial-results-us-regroup-plan | https://www.theguardian.com/business/article/2024/sep/04/volkswagen-has-a-year-maybe-two-to-turn-around-financial-chief-warns
Dodge,ORG,6,2,https://eu.detroitnews.com/story/business/autos/chrysler/2026/02/05/excuses-are-over-stellantis-tells-dealers-sales-must-grow-this-year/88513866007/ | https://www.motortrend.com/news/stellantis-26-billion-loss-future-plans
Annual,DATE,6,4,https://eu.detroitnews.com/story/business/autos/chrysler/2026/02/05/excuses-are-over-stellantis-tells-dealers-sales-must-grow-this-year/88513866007/ | https://fortune.com/europe/2024/09/30/volkswagen-second-profit-warning/ | https://www.motor1.com/features/774899/bmw-toyota-right-engine-strategy/ | https://www.motortrend.com/news/volkswagen-2024-financial-results-us-regroup-plan
The Year,DATE,6,3,https://eu.detroitnews.com/story/business/autos/chrysler/2026/02/05/excuses-are-over-stellantis-tells-dealers-sales-must-grow-this-year/88513866007/ | https://www.motortrend.com/news/stellantis-26-billion-loss-future-plans | https://www.motortrend.com/news/volkswagen-2024-financial-results-us-regroup-plan
Previous Year,DATE,5,1,https://newsroom.porsche.com/en/2025/company/porsche-second-quarter-half-year-2025-financial-figures-40184.html
Porsche Ag,ORG,5,2,https://newsroom.porsche.com/en/2025/company/porsche-realignment-product-strategy-40594.html | https://newsroom.porsche.com/en/2025/company/porsche-second-quarter-half-year-2025-financial-figures-40184.html
The 2025 Financial Year,DATE,5,1,https://newsroom.porsche.com/en/2025/company/porsche-realignment-product-strategy-40594.html
2030,DATE,5,3,https://www.motor1.com/features/774899/bmw-toyota-right-engine-strategy/ | https://www.theguardian.com/business/article/2024/sep/04/volkswagen-has-a-year-maybe-two-to-turn-around-financial-chief-warns | https://www.thetruthaboutcars.com/cars/news-blog/jaguar-sales-drop-by-97-percent-in-europe-which-is-allegedly-fine-45129343
Blume,PERSON,4,4,https://fortune.com/europe/2024/09/30/volkswagen-second-profit-warning/ | https://newsroom.porsche.com/en/2025/company/porsche-second-quarter-half-year-2025-financial-figures-40184.html | https://www.motor1.com/news/760050/porsche-faces-trouble-evs-suvs/ | https://www.motortrend.com/news/volkswagen-2024-financial-results-us-regroup-plan
Wednesday,DATE,4,2,https://eu.detroitnews.com/story/business/autos/chrysler/2026/02/05/excuses-are-over-stellantis-tells-dealers-sales-must-grow-this-year/88513866007/ | https://www.theguardian.com/business/article/2024/sep/04/volkswagen-has-a-year-maybe-two-to-turn-around-financial-chief-warns
Last Year,DATE,4,2,https://www.motor1.com/features/774899/bmw-toyota-right-engine-strategy/ | https://www.thetruthaboutcars.com/cars/news-blog/jaguar-sales-drop-by-97-percent-in-europe-which-is-allegedly-fine-45129343
Tesla,ORG,4,1,https://www.thetruthaboutcars.com/cars/news-blog/jaguar-sales-drop-by-97-percent-in-europe-which-is-allegedly-fine-45129343
Iea,ORG,3,2,https://www.motor1.com/features/774899/bmw-toyota-right-engine-strategy/ | https://www.thetruthaboutcars.com/cars/news-blog/jaguar-sales-drop-by-97-percent-in-europe-which-is-allegedly-fine-45129343
Years,DATE,3,3,https://newsroom.porsche.com/en/2025/company/porsche-second-quarter-half-year-2025-financial-figures-40184.html | https://www.motor1.com/features/774899/bmw-toyota-right-engine-strategy/ | https://www.motortrend.com/news/stellantis-26-billion-loss-future-plans
The United States,GPE,3,3,https://www.motor1.com/features/774899/bmw-toyota-right-engine-strategy/ | https://www.motor1.com/news/760050/porsche-faces-trouble-evs-suvs/ | https://www.thetruthaboutcars.com/cars/news-blog/jaguar-sales-drop-by-97-percent-in-europe-which-is-allegedly-fine-45129343
Volvo,ORG,3,2,https://www.motor1.com/features/774899/bmw-toyota-right-engine-strategy/ | https://www.theguardian.com/business/article/2024/sep/04/volkswagen-has-a-year-maybe-two-to-turn-around-financial-chief-warns
A Few Years,DATE,3,3,https://www.motor1.com/features/774899/bmw-toyota-right-engine-strategy/ | https://www.motortrend.com/news/volkswagen-2024-financial-results-us-regroup-plan | https://www.theguardian.com/business/article/2024/sep/04/volkswagen-has-a-year-maybe-two-to-turn-around-financial-chief-warns
Filosa,ORG,3,1,https://www.motortrend.com/news/stellantis-26-billion-loss-future-plans
2035,DATE,3,3,https://www.motor1.com/features/774899/bmw-toyota-right-engine-strategy/ | https://www.motortrend.com/news/volkswagen-2024-financial-results-us-regroup-plan | https://www.thetruthaboutcars.com/cars/news-blog/jaguar-sales-drop-by-97-percent-in-europe-which-is-allegedly-fine-45129343
A Year Ago,DATE,3,2,https://eu.detroitnews.com/story/business/autos/chrysler/2026/02/05/excuses-are-over-stellantis-tells-dealers-sales-must-grow-this-year/88513866007/ | https://www.motortrend.com/news/stellantis-26-billion-loss-future-plans
Wolfsburg,GPE,3,2,https://www.motortrend.com/news/volkswagen-2024-financial-results-us-regroup-plan | https://www.theguardian.com/business/article/2024/sep/04/volkswagen-has-a-year-maybe-two-to-turn-around-financial-chief-warns
Jochen Breckner,PERSON,3,2,https://newsroom.porsche.com/en/2025/company/porsche-realignment-product-strategy-40594.html | https://newsroom.porsche.com/en/2025/company/porsche-second-quarter-half-year-2025-financial-figures-40184.html
Matt,PERSON,3,1,https://www.thetruthaboutcars.com/cars/news-blog/jaguar-sales-drop-by-97-percent-in-europe-which-is-allegedly-fine-45129343
Today,DATE,3,3,https://eu.detroitnews.com/story/business/autos/chrysler/2026/02/05/excuses-are-over-stellantis-tells-dealers-sales-must-grow-this-year/88513866007/ | https://newsroom.porsche.com/en/2025/company/porsche-realignment-product-strategy-40594.html | https://newsroom.porsche.com/en/2025/company/porsche-second-quarter-half-year-2025-financial-figures-40184.html
Ttac,ORG,3,1,https://www.thetruthaboutcars.com/cars/news-blog/jaguar-sales-drop-by-97-percent-in-europe-which-is-allegedly-fine-45129343
The 2030S,DATE,3,1,https://newsroom.porsche.com/en/2025/company/porsche-realignment-product-strategy-40594.html
Audi,ORG,3,2,https://fortune.com/europe/2024/09/30/volkswagen-second-profit-warning/ | https://www.motor1.com/features/774899/bmw-toyota-right-engine-strategy/
Antonio Filosa,PERSON,2,2,https://eu.detroitnews.com/story/business/autos/chrysler/2026/02/05/excuses-are-over-stellantis-tells-dealers-sales-must-grow-this-year/88513866007/ | https://www.motortrend.com/news/stellantis-26-billion-loss-future-plans
December,DATE,2,1,https://www.motortrend.com/news/stellantis-26-billion-loss-future-plans
Fourth-Quarter,DATE,2,2,https://eu.detroitnews.com/story/business/autos/chrysler/2026/02/05/excuses-are-over-stellantis-tells-dealers-sales-must-grow-this-year/88513866007/ | https://www.motortrend.com/news/stellantis-26-billion-loss-future-plans
June,DATE,2,2,https://eu.detroitnews.com/story/business/autos/chrysler/2026/02/05/excuses-are-over-stellantis-tells-dealers-sales-must-grow-this-year/88513866007/ | https://newsroom.porsche.com/en/2025/company/porsche-second-quarter-half-year-2025-financial-figures-40184.html
The First Half Of This Year,DATE,2,2,https://newsroom.porsche.com/en/2025/company/porsche-second-quarter-half-year-2025-financial-figures-40184.html | https://www.motortrend.com/news/stellantis-26-billion-loss-future-plans
18.16 Billion Euros,MONEY,2,1,https://newsroom.porsche.com/en/2025/company/porsche-second-quarter-half-year-2025-financial-figures-40184.html
1.01 Billion Euros,MONEY,2,1,https://newsroom.porsche.com/en/2025/company/porsche-second-quarter-half-year-2025-financial-figures-40184.html
The Wall Street Journal,ORG,2,1,https://www.motor1.com/news/760050/porsche-faces-trouble-evs-suvs/
The Executive Board,ORG,2,2,https://newsroom.porsche.com/en/2025/company/porsche-realignment-product-strategy-40594.html | https://newsroom.porsche.com/en/2025/company/porsche-second-quarter-half-year-2025-financial-figures-40184.html
Later This Year,DATE,2,1,https://www.motor1.com/news/760050/porsche-faces-trouble-evs-suvs/
37 To 38 Billion Euros,MONEY,2,2,https://newsroom.porsche.com/en/2025/company/porsche-realignment-product-strategy-40594.html | https://newsroom.porsche.com/en/2025/company/porsche-second-quarter-half-year-2025-financial-figures-40184.html
2020,DATE,2,2,https://eu.detroitnews.com/story/business/autos/chrysler/2026/02/05/excuses-are-over-stellantis-tells-dealers-sales-must-grow-this-year/88513866007/ | https://www.thetruthaboutcars.com/cars/news-blog/jaguar-sales-drop-by-97-percent-in-europe-which-is-allegedly-fine-45129343
The Previous Year,DATE,2,2,https://newsroom.porsche.com/en/2025/company/porsche-realignment-product-strategy-40594.html | https://www.thetruthaboutcars.com/cars/news-blog/jaguar-sales-drop-by-97-percent-in-europe-which-is-allegedly-fine-45129343
Automotive News,ORG,2,1,https://www.motor1.com/news/760050/porsche-faces-trouble-evs-suvs/
Breckner,PERSON,2,1,https://newsroom.porsche.com/en/2025/company/porsche-second-quarter-half-year-2025-financial-figures-40184.html
Volkswagen Group,ORG,2,1,https://www.motor1.com/news/760050/porsche-faces-trouble-evs-suvs/
Chrysler,ORG,2,1,https://eu.detroitnews.com/story/business/autos/chrysler/2026/02/05/excuses-are-over-stellantis-tells-dealers-sales-must-grow-this-year/88513866007/
The Next Few Months,DATE,2,1,https://eu.detroitnews.com/story/business/autos/chrysler/2026/02/05/excuses-are-over-stellantis-tells-dealers-sales-must-grow-this-year/88513866007/
Kommor,ORG,2,1,https://eu.detroitnews.com/story/business/autos/chrysler/2026/02/05/excuses-are-over-stellantis-tells-dealers-sales-must-grow-this-year/88513866007/
Gm,ORG,2,1,https://www.motortrend.com/news/stellantis-26-billion-loss-future-plans
The European Automobile Manufacturers’ Association,ORG,2,2,https://www.motor1.com/features/774899/bmw-toyota-right-engine-strategy/ | https://www.thetruthaboutcars.com/cars/news-blog/jaguar-sales-drop-by-97-percent-in-europe-which-is-allegedly-fine-45129343
This Month,DATE,2,2,https://fortune.com/europe/2024/09/30/volkswagen-second-profit-warning/ | https://www.motortrend.com/news/stellantis-26-billion-loss-future-plans
Byd,ORG,2,1,https://fortune.com/europe/2024/09/30/volkswagen-second-profit-warning/
Monday,DATE,2,2,https://fortune.com/europe/2024/09/30/volkswagen-second-profit-warning/ | https://www.theguardian.com/business/article/2024/sep/04/volkswagen-has-a-year-maybe-two-to-turn-around-financial-chief-warns
Antlitz,ORG,2,1,https://www.theguardian.com/business/article/2024/sep/04/volkswagen-has-a-year-maybe-two-to-turn-around-financial-chief-warns
Friday,DATE,2,1,https://fortune.com/europe/2024/09/30/volkswagen-second-profit-warning/
A Year,DATE,2,2,https://www.motortrend.com/news/volkswagen-2024-financial-results-us-regroup-plan | https://www.theguardian.com/business/article/2024/sep/04/volkswagen-has-a-year-maybe-two-to-turn-around-financial-chief-warns
Volkswagen Group’S,ORG,2,1,https://www.theguardian.com/business/article/2024/sep/04/volkswagen-has-a-year-maybe-two-to-turn-around-financial-chief-warns
2019,DATE,2,1,https://www.theguardian.com/business/article/2024/sep/04/volkswagen-has-a-year-maybe-two-to-turn-around-financial-chief-warns
The Second Half Of 2025,DATE,2,1,https://www.motortrend.com/news/stellantis-26-billion-loss-future-plans
The Volkswagen Group’S,ORG,2,1,https://www.motortrend.com/news/volkswagen-2024-financial-results-us-regroup-plan
Canada,GPE,2,2,https://www.motortrend.com/news/stellantis-26-billion-loss-future-plans | https://www.motortrend.com/news/volkswagen-2024-financial-results-us-regroup-plan
Ford,ORG,2,1,https://www.motortrend.com/news/stellantis-26-billion-loss-future-plans
Next Year,DATE,2,2,https://www.motor1.com/features/774899/bmw-toyota-right-engine-strategy/ | https://www.motor1.com/news/760050/porsche-faces-trouble-evs-suvs/
Jaguar Land Rover Automotive Plc,ORG,1,1,https://www.thetruthaboutcars.com/cars/news-blog/jaguar-sales-drop-by-97-percent-in-europe-which-is-allegedly-fine-45129343
Ten Years Ago,DATE,1,1,https://www.thetruthaboutcars.com/cars/news-blog/jaguar-sales-drop-by-97-percent-in-europe-which-is-allegedly-fine-45129343
The Last 100 Years,DATE,1,1,https://www.thetruthaboutcars.com/cars/news-blog/jaguar-sales-drop-by-97-percent-in-europe-which-is-allegedly-fine-45129343
Future Fiscal Years,DATE,1,1,https://newsroom.porsche.com/en/2025/company/porsche-realignment-product-strategy-40594.html
The Volkswagen Group,ORG,1,1,https://newsroom.porsche.com/en/2025/company/porsche-realignment-product-strategy-40594.html
The European Union,GPE,1,1,https://www.thetruthaboutcars.com/cars/news-blog/jaguar-sales-drop-by-97-percent-in-europe-which-is-allegedly-fine-45129343
A Mercedes-Benz,ORG,1,1,https://www.thetruthaboutcars.com/cars/news-blog/jaguar-sales-drop-by-97-percent-in-europe-which-is-allegedly-fine-45129343
These Days,DATE,1,1,https://www.thetruthaboutcars.com/cars/news-blog/jaguar-sales-drop-by-97-percent-in-europe-which-is-allegedly-fine-45129343
Years Ago,DATE,1,1,https://www.motor1.com/features/774899/bmw-toyota-right-engine-strategy/
$10,MONEY,1,1,https://www.thetruthaboutcars.com/cars/news-blog/jaguar-sales-drop-by-97-percent-in-europe-which-is-allegedly-fine-45129343
Ajla,PERSON,1,1,https://www.thetruthaboutcars.com/cars/news-blog/jaguar-sales-drop-by-97-percent-in-europe-which-is-allegedly-fine-45129343
$19.5 Billion,MONEY,1,1,https://www.motortrend.com/news/stellantis-26-billion-loss-future-plans
April,DATE,1,1,https://www.thetruthaboutcars.com/cars/news-blog/jaguar-sales-drop-by-97-percent-in-europe-which-is-allegedly-fine-45129343
The Daily Mail,ORG,1,1,https://www.thetruthaboutcars.com/cars/news-blog/jaguar-sales-drop-by-97-percent-in-europe-which-is-allegedly-fine-45129343
This Time,DATE,1,1,https://www.motortrend.com/news/stellantis-26-billion-loss-future-plans
The Pivotal Year,DATE,1,1,https://eu.detroitnews.com/story/business/autos/chrysler/2026/02/05/excuses-are-over-stellantis-tells-dealers-sales-must-grow-this-year/88513866007/
Hogan,PERSON,1,1,https://eu.detroitnews.com/story/business/autos/chrysler/2026/02/05/excuses-are-over-stellantis-tells-dealers-sales-must-grow-this-year/88513866007/
Sean Hogan,PERSON,1,1,https://eu.detroitnews.com/story/business/autos/chrysler/2026/02/05/excuses-are-over-stellantis-tells-dealers-sales-must-grow-this-year/88513866007/
"Up To $6,780",MONEY,1,1,https://www.motortrend.com/news/stellantis-26-billion-loss-future-plans
The Beginning Of The Decade,DATE,1,1,https://www.motor1.com/features/774899/bmw-toyota-right-engine-strategy/
The End Of The Decade,DATE,1,1,https://www.motor1.com/features/774899/bmw-toyota-right-engine-strategy/
Kommor,PERSON,1,1,https://eu.detroitnews.com/story/business/autos/chrysler/2026/02/05/excuses-are-over-stellantis-tells-dealers-sales-must-grow-this-year/88513866007/
Los Angeles,GPE,1,1,https://eu.detroitnews.com/story/business/autos/chrysler/2026/02/05/excuses-are-over-stellantis-tells-dealers-sales-must-grow-this-year/88513866007/
Late Last Year,DATE,1,1,https://eu.detroitnews.com/story/business/autos/chrysler/2026/02/05/excuses-are-over-stellantis-tells-dealers-sales-must-grow-this-year/88513866007/
General Motors Co.,ORG,1,1,https://eu.detroitnews.com/story/business/autos/chrysler/2026/02/05/excuses-are-over-stellantis-tells-dealers-sales-must-grow-this-year/88513866007/
2032,DATE,1,1,https://www.motor1.com/features/774899/bmw-toyota-right-engine-strategy/
Subaru,ORG,1,1,https://www.motor1.com/features/774899/bmw-toyota-right-engine-strategy/
Matt Posky,PERSON,1,1,https://www.thetruthaboutcars.com/cars/news-blog/jaguar-sales-drop-by-97-percent-in-europe-which-is-allegedly-fine-45129343
Detroit,GPE,1,1,https://www.thetruthaboutcars.com/cars/news-blog/jaguar-sales-drop-by-97-percent-in-europe-which-is-allegedly-fine-45129343
Nyc,GPE,1,1,https://www.thetruthaboutcars.com/cars/news-blog/jaguar-sales-drop-by-97-percent-in-europe-which-is-allegedly-fine-45129343
A Decade,DATE,1,1,https://www.thetruthaboutcars.com/cars/news-blog/jaguar-sales-drop-by-97-percent-in-europe-which-is-allegedly-fine-45129343
40 Years,DATE,1,1,https://www.motor1.com/features/774899/bmw-toyota-right-engine-strategy/
300,MONEY,1,1,https://www.motor1.com/features/774899/bmw-toyota-right-engine-strategy/
Uber,ORG,1,1,https://www.motor1.com/features/774899/bmw-toyota-right-engine-strategy/
Ac Schnitzer'S,PERSON,1,1,https://www.motor1.com/features/774899/bmw-toyota-right-engine-strategy/
Oracle,ORG,1,1,https://www.thetruthaboutcars.com/cars/news-blog/jaguar-sales-drop-by-97-percent-in-europe-which-is-allegedly-fine-45129343
Ellison,PERSON,1,1,https://www.thetruthaboutcars.com/cars/news-blog/jaguar-sales-drop-by-97-percent-in-europe-which-is-allegedly-fine-45129343
Ms,ORG,1,1,https://www.thetruthaboutcars.com/cars/news-blog/jaguar-sales-drop-by-97-percent-in-europe-which-is-allegedly-fine-45129343
Gates,PERSON,1,1,https://www.thetruthaboutcars.com/cars/news-blog/jaguar-sales-drop-by-97-percent-in-europe-which-is-allegedly-fine-45129343
Musk,PERSON,1,1,https://www.thetruthaboutcars.com/cars/news-blog/jaguar-sales-drop-by-97-percent-in-europe-which-is-allegedly-fine-45129343
The Coming Years,DATE,1,1,https://newsroom.porsche.com/en/2025/company/porsche-realignment-product-strategy-40594.html
John,PERSON,1,1,https://www.thetruthaboutcars.com/cars/news-blog/jaguar-sales-drop-by-97-percent-in-europe-which-is-allegedly-fine-45129343
The Executive Board For Finance,ORG,1,1,https://newsroom.porsche.com/en/2025/company/porsche-realignment-product-strategy-40594.html
Normie Trucks,ORG,1,1,https://www.thetruthaboutcars.com/cars/news-blog/jaguar-sales-drop-by-97-percent-in-europe-which-is-allegedly-fine-45129343
Just 2 Years Earlier,DATE,1,1,https://www.thetruthaboutcars.com/cars/news-blog/jaguar-sales-drop-by-97-percent-in-europe-which-is-allegedly-fine-45129343
Bezos,PERSON,1,1,https://www.thetruthaboutcars.com/cars/news-blog/jaguar-sales-drop-by-97-percent-in-europe-which-is-allegedly-fine-45129343
Hyundai,ORG,1,1,https://www.motor1.com/news/760050/porsche-faces-trouble-evs-suvs/
2207,DATE,1,1,https://www.motor1.com/news/760050/porsche-faces-trouble-evs-suvs/
Two-Year,DATE,1,1,https://www.motor1.com/news/760050/porsche-faces-trouble-evs-suvs/
The First Quarter,DATE,1,1,https://www.motor1.com/news/760050/porsche-faces-trouble-evs-suvs/
"$67,675",MONEY,1,1,https://www.motor1.com/news/760050/porsche-faces-trouble-evs-suvs/
The First Three Months Of The Year,DATE,1,1,https://www.motor1.com/news/760050/porsche-faces-trouble-evs-suvs/
America,GPE,1,1,https://www.motor1.com/news/760050/porsche-faces-trouble-evs-suvs/
Buffet,PERSON,1,1,https://www.thetruthaboutcars.com/cars/news-blog/jaguar-sales-drop-by-97-percent-in-europe-which-is-allegedly-fine-45129343
Berkshire,ORG,1,1,https://www.thetruthaboutcars.com/cars/news-blog/jaguar-sales-drop-by-97-percent-in-europe-which-is-allegedly-fine-45129343
Amazon,ORG,1,1,https://www.thetruthaboutcars.com/cars/news-blog/jaguar-sales-drop-by-97-percent-in-europe-which-is-allegedly-fine-45129343
Dr. Ing. H.C. F. Porsche Ag'S,ORG,1,1,https://newsroom.porsche.com/en/2025/company/porsche-realignment-product-strategy-40594.html
Around 3.1 Billion Euros,MONEY,1,1,https://newsroom.porsche.com/en/2025/company/porsche-realignment-product-strategy-40594.html
2025 Financial Year,DATE,1,1,https://newsroom.porsche.com/en/2025/company/porsche-realignment-product-strategy-40594.html
Around 1.1 Billion Euros,MONEY,1,1,https://newsroom.porsche.com/en/2025/company/porsche-second-quarter-half-year-2025-financial-figures-40184.html
Half-Year,DATE,1,1,https://newsroom.porsche.com/en/2025/company/porsche-second-quarter-half-year-2025-financial-figures-40184.html
Ifrs,ORG,1,1,https://newsroom.porsche.com/en/2025/company/porsche-realignment-product-strategy-40594.html
Automotive,ORG,1,1,https://newsroom.porsche.com/en/2025/company/porsche-realignment-product-strategy-40594.html
Up To 1.8 Billion Euros,MONEY,1,1,https://newsroom.porsche.com/en/2025/company/porsche-realignment-product-strategy-40594.html
Between 37 And 38 Billion Euros,MONEY,1,1,https://newsroom.porsche.com/en/2025/company/porsche-realignment-product-strategy-40594.html
"129,950",MONEY,1,1,https://www.motor1.com/news/760050/porsche-faces-trouble-evs-suvs/
"Over $7,500",MONEY,1,1,https://www.motor1.com/news/760050/porsche-faces-trouble-evs-suvs/
"250,000",MONEY,1,1,https://www.motor1.com/news/760050/porsche-faces-trouble-evs-suvs/
3.06 Billion Euros,MONEY,1,1,https://newsroom.porsche.com/en/2025/company/porsche-second-quarter-half-year-2025-financial-figures-40184.html
19.46 Billion Euros,MONEY,1,1,https://newsroom.porsche.com/en/2025/company/porsche-second-quarter-half-year-2025-financial-figures-40184.html
January To March Of This Year,DATE,1,1,https://www.motor1.com/news/760050/porsche-faces-trouble-evs-suvs/
The End Of Last Year,DATE,1,1,https://www.motor1.com/news/760050/porsche-faces-trouble-evs-suvs/
"102,550",MONEY,1,1,https://www.motor1.com/news/760050/porsche-faces-trouble-evs-suvs/
Toyota Europe’S,ORG,1,1,https://www.motor1.com/features/774899/bmw-toyota-right-engine-strategy/
Akio Toyoda,PERSON,1,1,https://www.motor1.com/features/774899/bmw-toyota-right-engine-strategy/
1997,DATE,1,1,https://www.motor1.com/features/774899/bmw-toyota-right-engine-strategy/
Mazda,ORG,1,1,https://www.motor1.com/features/774899/bmw-toyota-right-engine-strategy/
"Aug 05, 2025",DATE,1,1,https://www.thetruthaboutcars.com/cars/news-blog/jaguar-sales-drop-by-97-percent-in-europe-which-is-allegedly-fine-45129343
January,DATE,1,1,https://eu.detroitnews.com/story/business/autos/chrysler/2026/02/05/excuses-are-over-stellantis-tells-dealers-sales-must-grow-this-year/88513866007/
Ontario,GPE,1,1,https://www.motortrend.com/news/stellantis-26-billion-loss-future-plans
Lg Energy Solution,ORG,1,1,https://www.motortrend.com/news/stellantis-26-billion-loss-future-plans
Nextstar Energy,ORG,1,1,https://www.motortrend.com/news/stellantis-26-billion-loss-future-plans
Windsor,GPE,1,1,https://www.motortrend.com/news/stellantis-26-billion-loss-future-plans
Ford Of Europe,ORG,1,1,https://www.motor1.com/features/774899/bmw-toyota-right-engine-strategy/
Toluca,GPE,1,1,https://www.motortrend.com/news/stellantis-26-billion-loss-future-plans
Mexico,GPE,1,1,https://www.motortrend.com/news/stellantis-26-billion-loss-future-plans
March,DATE,1,1,https://www.motortrend.com/news/stellantis-26-billion-loss-future-plans
Gon,ORG,1,1,https://www.motortrend.com/news/stellantis-26-billion-loss-future-plans
Trump,PERSON,1,1,https://www.motortrend.com/news/stellantis-26-billion-loss-future-plans
Quarterly,DATE,1,1,https://www.motortrend.com/news/stellantis-26-billion-loss-future-plans
About $26 Billion,MONEY,1,1,https://www.motortrend.com/news/stellantis-26-billion-loss-future-plans
Around 1.3 Billion Euros,MONEY,1,1,https://newsroom.porsche.com/en/2025/company/porsche-second-quarter-half-year-2025-financial-figures-40184.html
The End Of April,DATE,1,1,https://newsroom.porsche.com/en/2025/company/porsche-second-quarter-half-year-2025-financial-figures-40184.html
August 1,DATE,1,1,https://newsroom.porsche.com/en/2025/company/porsche-second-quarter-half-year-2025-financial-figures-40184.html
Magnus Walker,PERSON,1,1,https://www.motor1.com/news/760050/porsche-faces-trouble-evs-suvs/
"224,495",MONEY,1,1,https://www.motor1.com/news/760050/porsche-faces-trouble-evs-suvs/
Autonews,ORG,1,1,https://www.motor1.com/news/760050/porsche-faces-trouble-evs-suvs/
"53,000",MONEY,1,1,https://www.motor1.com/news/760050/porsche-faces-trouble-evs-suvs/
"230,000",MONEY,1,1,https://www.motor1.com/news/760050/porsche-faces-trouble-evs-suvs/
V4Smart Gmbh,ORG,1,1,https://newsroom.porsche.com/en/2025/company/porsche-second-quarter-half-year-2025-financial-figures-40184.html
"178,850",MONEY,1,1,https://www.motor1.com/news/760050/porsche-faces-trouble-evs-suvs/
Bavaria,GPE,1,1,https://newsroom.porsche.com/en/2025/company/porsche-second-quarter-half-year-2025-financial-figures-40184.html
Nördlingen,GPE,1,1,https://newsroom.porsche.com/en/2025/company/porsche-second-quarter-half-year-2025-financial-figures-40184.html
V4Smart,ORG,1,1,https://newsroom.porsche.com/en/2025/company/porsche-second-quarter-half-year-2025-financial-figures-40184.html
Few Months,DATE,1,1,https://newsroom.porsche.com/en/2025/company/porsche-second-quarter-half-year-2025-financial-figures-40184.html
394 Million Euros,MONEY,1,1,https://newsroom.porsche.com/en/2025/company/porsche-second-quarter-half-year-2025-financial-figures-40184.html
1.12 Billion Euros,MONEY,1,1,https://newsroom.porsche.com/en/2025/company/porsche-second-quarter-half-year-2025-financial-figures-40184.html
The First Half Of The Year,DATE,1,1,https://newsroom.porsche.com/en/2025/company/porsche-second-quarter-half-year-2025-financial-figures-40184.html
The First Six Months Of 2025,DATE,1,1,https://newsroom.porsche.com/en/2025/company/porsche-second-quarter-half-year-2025-financial-figures-40184.html
2018,DATE,1,1,https://www.theguardian.com/business/article/2024/sep/04/volkswagen-has-a-year-maybe-two-to-turn-around-financial-chief-warns
Jim Rowan,PERSON,1,1,https://www.theguardian.com/business/article/2024/sep/04/volkswagen-has-a-year-maybe-two-to-turn-around-financial-chief-warns
J.D. Power Apeal,ORG,1,1,https://newsroom.porsche.com/en/2025/company/porsche-second-quarter-half-year-2025-financial-figures-40184.html
Last Weekend,DATE,1,1,https://newsroom.porsche.com/en/2025/company/porsche-second-quarter-half-year-2025-financial-figures-40184.html
Volvo Cars,ORG,1,1,https://www.theguardian.com/business/article/2024/sep/04/volkswagen-has-a-year-maybe-two-to-turn-around-financial-chief-warns
Ellwangen,GPE,1,1,https://newsroom.porsche.com/en/2025/company/porsche-second-quarter-half-year-2025-financial-figures-40184.html
400 Million Euros,MONEY,1,1,https://newsroom.porsche.com/en/2025/company/porsche-second-quarter-half-year-2025-financial-figures-40184.html
The Executive Board For Finance And It,ORG,1,1,https://newsroom.porsche.com/en/2025/company/porsche-second-quarter-half-year-2025-financial-figures-40184.html
Japan,GPE,1,1,https://www.theguardian.com/business/article/2024/sep/04/volkswagen-has-a-year-maybe-two-to-turn-around-financial-chief-warns
Ing. H.C. F. Porsche Ag,PERSON,1,1,https://newsroom.porsche.com/en/2025/company/porsche-second-quarter-half-year-2025-financial-figures-40184.html
The First Half Of 2025,DATE,1,1,https://newsroom.porsche.com/en/2025/company/porsche-second-quarter-half-year-2025-financial-figures-40184.html
Around 200 Million Euros,MONEY,1,1,https://newsroom.porsche.com/en/2025/company/porsche-second-quarter-half-year-2025-financial-figures-40184.html
Around 500 Million Euros,MONEY,1,1,https://newsroom.porsche.com/en/2025/company/porsche-second-quarter-half-year-2025-financial-figures-40184.html
Just A Few Years Ago,DATE,1,1,https://newsroom.porsche.com/en/2025/company/porsche-second-quarter-half-year-2025-financial-figures-40184.html
Bmw Ag,ORG,1,1,https://fortune.com/europe/2024/09/30/volkswagen-second-profit-warning/
Mercedes-Benz Group Ag,ORG,1,1,https://fortune.com/europe/2024/09/30/volkswagen-second-profit-warning/
Aston Martin Lagonda Global Holdings Plc,ORG,1,1,https://fortune.com/europe/2024/09/30/volkswagen-second-profit-warning/
Stellantis Nv,ORG,1,1,https://fortune.com/europe/2024/09/30/volkswagen-second-profit-warning/
Frankfurt,GPE,1,1,https://fortune.com/europe/2024/09/30/volkswagen-second-profit-warning/
Billions Of Euros,MONEY,1,1,https://www.theguardian.com/business/article/2024/sep/04/volkswagen-has-a-year-maybe-two-to-turn-around-financial-chief-warns
Xpeng Inc.,ORG,1,1,https://fortune.com/europe/2024/09/30/volkswagen-second-profit-warning/
Tesla Inc.,ORG,1,1,https://fortune.com/europe/2024/09/30/volkswagen-second-profit-warning/
Alternative Für Deutschland,ORG,1,1,https://www.theguardian.com/business/article/2024/sep/04/volkswagen-has-a-year-maybe-two-to-turn-around-financial-chief-warns
Matthias Schmidt,PERSON,1,1,https://fortune.com/europe/2024/09/30/volkswagen-second-profit-warning/
Hamburg,GPE,1,1,https://fortune.com/europe/2024/09/30/volkswagen-second-profit-warning/
Sweden,GPE,1,1,https://fortune.com/europe/2024/09/30/volkswagen-second-profit-warning/
Renault Sa,ORG,1,1,https://fortune.com/europe/2024/09/30/volkswagen-second-profit-warning/
Mg,ORG,1,1,https://fortune.com/europe/2024/09/30/volkswagen-second-profit-warning/
Olaf Scholz,PERSON,1,1,https://www.theguardian.com/business/article/2024/sep/04/volkswagen-has-a-year-maybe-two-to-turn-around-financial-chief-warns
Thuringia,GPE,1,1,https://www.theguardian.com/business/article/2024/sep/04/volkswagen-has-a-year-maybe-two-to-turn-around-financial-chief-warns
Skoda,ORG,1,1,https://fortune.com/europe/2024/09/30/volkswagen-second-profit-warning/
Saic Motor Corp.,ORG,1,1,https://fortune.com/europe/2024/09/30/volkswagen-second-profit-warning/
Decades,DATE,1,1,https://fortune.com/europe/2024/09/30/volkswagen-second-profit-warning/
Seat,ORG,1,1,https://fortune.com/europe/2024/09/30/volkswagen-second-profit-warning/
Jefferies,ORG,1,1,https://fortune.com/europe/2024/09/30/volkswagen-second-profit-warning/
Philippe Houchois,PERSON,1,1,https://fortune.com/europe/2024/09/30/volkswagen-second-profit-warning/
The Formula E,ORG,1,1,https://newsroom.porsche.com/en/2025/company/porsche-second-quarter-half-year-2025-financial-figures-40184.html
London,GPE,1,1,https://newsroom.porsche.com/en/2025/company/porsche-second-quarter-half-year-2025-financial-figures-40184.html
The Eu Commission'S,ORG,1,1,https://newsroom.porsche.com/en/2025/company/porsche-second-quarter-half-year-2025-financial-figures-40184.html
Five Years,DATE,1,1,https://fortune.com/europe/2024/09/30/volkswagen-second-profit-warning/
Byd Co.,ORG,1,1,https://fortune.com/europe/2024/09/30/volkswagen-second-profit-warning/
The Second Half Of This Year,DATE,1,1,https://newsroom.porsche.com/en/2025/company/porsche-second-quarter-half-year-2025-financial-figures-40184.html
Arno Antlitz,PERSON,1,1,https://www.theguardian.com/business/article/2024/sep/04/volkswagen-has-a-year-maybe-two-to-turn-around-financial-chief-warns
Daniela Cavallo,PERSON,1,1,https://www.theguardian.com/business/article/2024/sep/04/volkswagen-has-a-year-maybe-two-to-turn-around-financial-chief-warns
Ig Metall,ORG,1,1,https://www.theguardian.com/business/article/2024/sep/04/volkswagen-has-a-year-maybe-two-to-turn-around-financial-chief-warns
Cavallo,PERSON,1,1,https://www.theguardian.com/business/article/2024/sep/04/volkswagen-has-a-year-maybe-two-to-turn-around-financial-chief-warns
$289.6 Billion,MONEY,1,1,https://www.motortrend.com/news/volkswagen-2024-financial-results-us-regroup-plan
E322.3 Billion,MONEY,1,1,https://www.motortrend.com/news/volkswagen-2024-financial-results-us-regroup-plan
$351.0 Billion,MONEY,1,1,https://www.motortrend.com/news/volkswagen-2024-financial-results-us-regroup-plan
324.7 Billion Euros,MONEY,1,1,https://www.motortrend.com/news/volkswagen-2024-financial-results-us-regroup-plan
$353.6 Billion,MONEY,1,1,https://www.motortrend.com/news/volkswagen-2024-financial-results-us-regroup-plan
Third-Quarter,DATE,1,1,https://www.motortrend.com/news/volkswagen-2024-financial-results-us-regroup-plan
Rivian,ORG,1,1,https://www.motortrend.com/news/volkswagen-2024-financial-results-us-regroup-plan
Three Months,DATE,1,1,https://fortune.com/europe/2024/09/30/volkswagen-second-profit-warning/
July,DATE,1,1,https://fortune.com/europe/2024/09/30/volkswagen-second-profit-warning/
Volkswagen Ag’S,ORG,1,1,https://fortune.com/europe/2024/09/30/volkswagen-second-profit-warning/
Walen,PERSON,1,1,https://eu.detroitnews.com/story/business/autos/chrysler/2026/02/05/excuses-are-over-stellantis-tells-dealers-sales-must-grow-this-year/88513866007/
$20.8 Billion,MONEY,1,1,https://www.motortrend.com/news/volkswagen-2024-financial-results-us-regroup-plan
The First Half,DATE,1,1,https://fortune.com/europe/2024/09/30/volkswagen-second-profit-warning/
Jeep Ram,ORG,1,1,https://eu.detroitnews.com/story/business/autos/chrysler/2026/02/05/excuses-are-over-stellantis-tells-dealers-sales-must-grow-this-year/88513866007/
E19.1 Billion,MONEY,1,1,https://www.motortrend.com/news/volkswagen-2024-financial-results-us-regroup-plan
E265.9 Billion,MONEY,1,1,https://www.motortrend.com/news/volkswagen-2024-financial-results-us-regroup-plan
$26.2 Billion,MONEY,1,1,https://www.motortrend.com/news/stellantis-26-billion-loss-future-plans
$23.8 Billion,MONEY,1,1,https://www.motortrend.com/news/stellantis-26-billion-loss-future-plans
Full-Year,DATE,1,1,https://www.motortrend.com/news/stellantis-26-billion-loss-future-plans
$26 Billion,MONEY,1,1,https://www.motortrend.com/news/stellantis-26-billion-loss-future-plans
Seattle,GPE,1,1,https://eu.detroitnews.com/story/business/autos/chrysler/2026/02/05/excuses-are-over-stellantis-tells-dealers-sales-must-grow-this-year/88513866007/
New Orleans,GPE,1,1,https://eu.detroitnews.com/story/business/autos/chrysler/2026/02/05/excuses-are-over-stellantis-tells-dealers-sales-must-grow-this-year/88513866007/
$2.2 Billion,MONEY,1,1,https://www.motortrend.com/news/stellantis-26-billion-loss-future-plans
Nada,ORG,1,1,https://eu.detroitnews.com/story/business/autos/chrysler/2026/02/05/excuses-are-over-stellantis-tells-dealers-sales-must-grow-this-year/88513866007/
The Past Few Years,DATE,1,1,https://www.motortrend.com/news/volkswagen-2024-financial-results-us-regroup-plan
The Trump Administration,ORG,1,1,https://www.motortrend.com/news/volkswagen-2024-financial-results-us-regroup-plan
Stellantis Nv'S,ORG,1,1,https://eu.detroitnews.com/story/business/autos/chrysler/2026/02/05/excuses-are-over-stellantis-tells-dealers-sales-must-grow-this-year/88513866007/
Las Vegas,GPE,1,1,https://eu.detroitnews.com/story/business/autos/chrysler/2026/02/05/excuses-are-over-stellantis-tells-dealers-sales-must-grow-this-year/88513866007/
E22.5 Billion,MONEY,1,1,https://www.motortrend.com/news/volkswagen-2024-financial-results-us-regroup-plan
The Third Quarter,DATE,1,1,https://www.motortrend.com/news/volkswagen-2024-financial-results-us-regroup-plan
Recent Years,DATE,1,1,https://fortune.com/europe/2024/09/30/volkswagen-second-profit-warning/
$24.5 Billion,MONEY,1,1,https://www.motortrend.com/news/volkswagen-2024-financial-results-us-regroup-plan
Norway,GPE,1,1,https://www.motor1.com/features/774899/bmw-toyota-right-engine-strategy/
The Detroit News,ORG,1,1,https://eu.detroitnews.com/story/business/autos/chrysler/2026/02/05/excuses-are-over-stellantis-tells-dealers-sales-must-grow-this-year/88513866007/
Jeff Kommor,PERSON,1,1,https://eu.detroitnews.com/story/business/autos/chrysler/2026/02/05/excuses-are-over-stellantis-tells-dealers-sales-must-grow-this-year/88513866007/
National Automobile Dealers Association,ORG,1,1,https://eu.detroitnews.com/story/business/autos/chrysler/2026/02/05/excuses-are-over-stellantis-tells-dealers-sales-must-grow-this-year/88513866007/
Carlos Tavares,PERSON,1,1,https://eu.detroitnews.com/story/business/autos/chrysler/2026/02/05/excuses-are-over-stellantis-tells-dealers-sales-must-grow-this-year/88513866007/
Year-Over-Year,DATE,1,1,https://eu.detroitnews.com/story/business/autos/chrysler/2026/02/05/excuses-are-over-stellantis-tells-dealers-sales-must-grow-this-year/88513866007/
The Past Year,DATE,1,1,https://eu.detroitnews.com/story/business/autos/chrysler/2026/02/05/excuses-are-over-stellantis-tells-dealers-sales-must-grow-this-year/88513866007/
The Last Two Years,DATE,1,1,https://eu.detroitnews.com/story/business/autos/chrysler/2026/02/05/excuses-are-over-stellantis-tells-dealers-sales-must-grow-this-year/88513866007/
Tata Motors,ORG,1,1,https://www.thetruthaboutcars.com/cars/news-blog/jaguar-sales-drop-by-97-percent-in-europe-which-is-allegedly-fine-45129343
2008,DATE,1,1,https://www.thetruthaboutcars.com/cars/news-blog/jaguar-sales-drop-by-97-percent-in-europe-which-is-allegedly-fine-45129343
The Last Several Years,DATE,1,1,https://www.thetruthaboutcars.com/cars/news-blog/jaguar-sales-drop-by-97-percent-in-europe-which-is-allegedly-fine-45129343
The United Kingdom’S,GPE,1,1,https://www.thetruthaboutcars.com/cars/news-blog/jaguar-sales-drop-by-97-percent-in-europe-which-is-allegedly-fine-45129343
Acea,ORG,1,1,https://www.motor1.com/features/774899/bmw-toyota-right-engine-strategy/
Bentley,ORG,1,1,https://www.motor1.com/features/774899/bmw-toyota-right-engine-strategy/
India,GPE,1,1,https://www.thetruthaboutcars.com/cars/news-blog/jaguar-sales-drop-by-97-percent-in-europe-which-is-allegedly-fine-45129343
The Bumpy Year,DATE,1,1,https://eu.detroitnews.com/story/business/autos/chrysler/2026/02/05/excuses-are-over-stellantis-tells-dealers-sales-must-grow-this-year/88513866007/
The Norwegian Road Federation,ORG,1,1,https://www.motor1.com/features/774899/bmw-toyota-right-engine-strategy/
The International Energy Agency,ORG,1,1,https://www.motor1.com/features/774899/bmw-toyota-right-engine-strategy/
The First Eight Months Of The Year,DATE,1,1,https://www.motor1.com/features/774899/bmw-toyota-right-engine-strategy/
Ofv,ORG,1,1,https://www.motor1.com/features/774899/bmw-toyota-right-engine-strategy/
2028,DATE,1,1,https://www.motor1.com/features/774899/bmw-toyota-right-engine-strategy/
Oliver Zipse,PERSON,1,1,https://www.motor1.com/features/774899/bmw-toyota-right-engine-strategy/
Jim Walen,PERSON,1,1,https://eu.detroitnews.com/story/business/autos/chrysler/2026/02/05/excuses-are-over-stellantis-tells-dealers-sales-must-grow-this-year/88513866007/
Experian Automotive,ORG,1,1,https://www.motor1.com/features/774899/bmw-toyota-right-engine-strategy/
More Than €10 Billion,MONEY,1,1,https://www.motor1.com/features/774899/bmw-toyota-right-engine-strategy/
The European Union’S,ORG,1,1,https://www.motor1.com/features/774899/bmw-toyota-right-engine-strategy/
Lg,ORG,1,1,https://www.motortrend.com/news/stellantis-26-billion-loss-future-plans
Andrea Carlucci,PERSON,1,1,https://www.motor1.com/features/774899/bmw-toyota-right-engine-strategy/
$1.4 Billion,MONEY,1,1,https://www.motortrend.com/news/stellantis-26-billion-loss-future-plans
$6 Billion,MONEY,1,1,https://www.motortrend.com/news/stellantis-26-billion-loss-future-plans
"Up To $10,500",MONEY,1,1,https://www.motortrend.com/news/stellantis-26-billion-loss-future-plans
December 2024,DATE,1,1,https://eu.detroitnews.com/story/business/autos/chrysler/2026/02/05/excuses-are-over-stellantis-tells-dealers-sales-must-grow-this-year/88513866007/
